<?xml version="1.0" encoding="UTF-8"?>
<cars>
    <car logo="https://www.ramsbone.dk/backend/CA3/schwertz-logo.jpg" company="Schwertz" companyTag="SWZ" category="Mini" picture="http://clipart-library.com/image_gallery2/Car-High-Quality-PNG.png" make="Opel" model="Corsa" year="2015" location="Aarhus City" priceperday="10" seats="5" doors="4" gear="manual" aircondition="false"/>
    <car logo="https://www.ramsbone.dk/backend/CA3/schwertz-logo.jpg" company="Schwertz" companyTag="SWZ" category="Mini Elite" picture="http://clipart-library.com/image_gallery2/Car-High-Quality-PNG.png" make="Toyota" model="Camry" year="2016" location="Odense" priceperday="12" seats="5" doors="4" gear="manual" aircondition="false"/>
    <car logo="https://www.ramsbone.dk/backend/CA3/schwertz-logo.jpg" company="Schwertz" companyTag="SWZ" category="Economy" picture="http://clipart-library.com/image_gallery2/Car-High-Quality-PNG.png" make="Honda" model="Accord" year="2016" location="Herning" priceperday="12" seats="5" doors="4" gear="manual" aircondition="false"/>
    <car logo="https://www.ramsbone.dk/backend/CA3/schwertz-logo.jpg" company="Schwertz" companyTag="SWZ" category="Economy Elite" picture="http://clipart-library.com/image_gallery2/Car-High-Quality-PNG.png" make="Tesla" model="Model S" year="2015" location="Roskilde" priceperday="10" seats="5" doors="4" gear="manual" aircondition="false"/>
    <car logo="https://www.ramsbone.dk/backend/CA3/schwertz-logo.jpg" company="Schwertz" companyTag="SWZ" category="Compact" picture="http://clipart-library.com/image_gallery2/Car-High-Quality-PNG.png" make="Lotus" model="Evora" year="2017" location="Esbjerg" priceperday="10.50" seats="5" doors="4" gear="manual" aircondition="false"/>
    <car logo="https://www.ramsbone.dk/backend/CA3/schwertz-logo.jpg" company="Schwertz" companyTag="SWZ" category="Compact Elite" picture="http://clipart-library.com/image_gallery2/Car-High-Quality-PNG.png" make="Fiat" model="Multipla" year="2015" location="Naestved" priceperday="10.50" seats="5" doors="4" gear="manual" aircondition="false"/>
    <car logo="https://www.ramsbone.dk/backend/CA3/schwertz-logo.jpg" company="Schwertz" companyTag="SWZ" category="Intermediate" picture="http://clipart-library.com/image_gallery2/Car-High-Quality-PNG.png" make="Opel" model="Astra" year="2017" location="Cph (Copenhagen Airport)" priceperday="11.50" seats="5" doors="4" gear="manual" aircondition="false"/>
    <car logo="https://www.ramsbone.dk/backend/CA3/schwertz-logo.jpg" company="Schwertz" companyTag="SWZ" category="Intermediate Elite" picture="http://clipart-library.com/image_gallery2/Car-High-Quality-PNG.png" make="Toyota" model="Camry" year="2015" location="Billund Lufthavn" priceperday="11.50" seats="5" doors="4" gear="manual" aircondition="false"/>
    <car logo="https://www.ramsbone.dk/backend/CA3/schwertz-logo.jpg" company="Schwertz" companyTag="SWZ" category="Standard" picture="http://clipart-library.com/image_gallery2/Car-High-Quality-PNG.png" make="Honda" model="Amaze" year="2016" location="Aalborg Lufthavn" priceperday="11.50" seats="5" doors="4" gear="manual" aircondition="true"/>
    <car logo="https://www.ramsbone.dk/backend/CA3/schwertz-logo.jpg" company="Schwertz" companyTag="SWZ" category="Standard Elite" picture="http://clipart-library.com/image_gallery2/Car-High-Quality-PNG.png" make="Tesla" model="Model S" year="2015" location="Copenhagen City" priceperday="12.50" seats="5" doors="4" gear="manual" aircondition="true"/>
    <car logo="https://www.ramsbone.dk/backend/CA3/schwertz-logo.jpg" company="Schwertz" companyTag="SWZ" category="Fullsize" picture="http://clipart-library.com/image_gallery2/Car-High-Quality-PNG.png" make="Lotus" model="Evora" year="2016" location="Aarhus City" priceperday="12.50" seats="5" doors="4" gear="automatic" aircondition="true"/>
    <car logo="https://www.ramsbone.dk/backend/CA3/schwertz-logo.jpg" company="Schwertz" companyTag="SWZ" category="Fullsize Elite" picture="http://clipart-library.com/image_gallery2/Car-High-Quality-PNG.png" make="Fiat" model="500L" year="2016" location="Odense" priceperday="12.50" seats="6" doors="4" gear="automatic" aircondition="true"/>
    <car logo="https://www.ramsbone.dk/backend/CA3/schwertz-logo.jpg" company="Schwertz" companyTag="SWZ" category="Premium" picture="http://clipart-library.com/image_gallery2/Car-High-Quality-PNG.png" make="Opel" model="Astra" year="2015" location="Herning" priceperday="12.50" seats="6" doors="4" gear="automatic" aircondition="true"/>
    <car logo="https://www.ramsbone.dk/backend/CA3/schwertz-logo.jpg" company="Schwertz" companyTag="SWZ" category="Premium Elite" picture="http://clipart-library.com/image_gallery2/Car-High-Quality-PNG.png" make="Toyota" model="Etios Liva" year="2017" location="Roskilde" priceperday="10.50" seats="6" doors="4" gear="automatic" aircondition="true"/>
    <car logo="https://www.ramsbone.dk/backend/CA3/schwertz-logo.jpg" company="Schwertz" companyTag="SWZ" category="Luxury" picture="http://clipart-library.com/image_gallery2/Car-High-Quality-PNG.png" make="Honda" model="Accord" year="2017" location="Esbjerg" priceperday="10.50" seats="6" doors="4" gear="automatic" aircondition="true"/>
    <car logo="https://www.ramsbone.dk/backend/CA3/schwertz-logo.jpg" company="Schwertz" companyTag="SWZ" category="Luxury Elite" picture="http://clipart-library.com/image_gallery2/Car-High-Quality-PNG.png" make="Tesla" model="Model S" year="2015" location="Naestved" priceperday="12.50" seats="6" doors="4" gear="automatic" aircondition="true"/>
    <car logo="https://www.ramsbone.dk/backend/CA3/schwertz-logo.jpg" company="Schwertz" companyTag="SWZ" category="Oversize" picture="http://clipart-library.com/image_gallery2/Car-High-Quality-PNG.png" make="Lotus" model="Evora" year="2017" location="Cph (Copenhagen Airport)" priceperday="12.50" seats="6" doors="4" gear="automatic" aircondition="true"/>
    <car logo="https://www.ramsbone.dk/backend/CA3/schwertz-logo.jpg" company="Schwertz" companyTag="SWZ" category="Special" picture="http://clipart-library.com/image_gallery2/Car-High-Quality-PNG.png" make="Fiat" model="500X" year="2017" location="Billund Lufthavn" priceperday="10.50" seats="6" doors="4" gear="automatic" aircondition="true"/>
    <car logo="https://www.ramsbone.dk/backend/CA3/schwertz-logo.jpg" company="Schwertz" companyTag="SWZ" category="Mini" picture="http://clipart-library.com/image_gallery2/Car-High-Quality-PNG.png" make="Opel" model="Corsa" year="2015" location="Aalborg Lufthavn" priceperday="10.50" seats="6" doors="4" gear="automatic" aircondition="true"/>
    <car logo="https://www.ramsbone.dk/backend/CA3/schwertz-logo.jpg" company="Schwertz" companyTag="SWZ" category="Mini Elite" picture="http://clipart-library.com/image_gallery2/Car-High-Quality-PNG.png" make="Toyot0a" model="Etios Liva" year="2017" location="Copenhagen City" priceperday="15" seats="8" doors="6" gear="automatic" aircondition="true"/>
    <car logo="https://www.ramsbone.dk/backend/CA3/schwertz-logo.jpg" company="Schwertz" companyTag="SWZ" category="Economy" picture="http://clipart-library.com/image_gallery2/Car-High-Quality-PNG.png" make="Honda" model="Amaze" year="2016" location="Aarhus City" priceperday="15" seats="8" doors="6" gear="automatic" aircondition="true"/>
    <car logo="https://www.ramsbone.dk/backend/CA3/schwertz-logo.jpg" company="Schwertz" companyTag="SWZ" category="Economy Elite" picture="http://clipart-library.com/image_gallery2/Car-High-Quality-PNG.png" make="Tesla" model="Roadster" year="2016" location="Odense" priceperday="15" seats="8" doors="6" gear="automatic" aircondition="true"/>
    <car logo="https://www.ramsbone.dk/backend/CA3/schwertz-logo.jpg" company="Schwertz" companyTag="SWZ" category="Compact" picture="http://clipart-library.com/image_gallery2/Car-High-Quality-PNG.png" make="Lotus" model="Evora" year="2015" location="Herning" priceperday="15" seats="8" doors="6" gear="automatic" aircondition="true"/>
    <car logo="https://www.ramsbone.dk/backend/CA3/schwertz-logo.jpg" company="Schwertz" companyTag="SWZ" category="Compact Elite" picture="http://clipart-library.com/image_gallery2/Car-High-Quality-PNG.png" make="Fiat" model="124 Spider" year="2016" location="Roskilde" priceperday="15" seats="8" doors="6" gear="automatic" aircondition="true"/>
    <car logo="https://www.ramsbone.dk/backend/CA3/schwertz-logo.jpg" company="Schwertz" companyTag="SWZ" category="Intermediate" picture="http://clipart-library.com/image_gallery2/Car-High-Quality-PNG.png" make="Opel" model="Cascada" year="2016" location="Esbjerg" priceperday="15" seats="8" doors="6" gear="automatic" aircondition="true"/>
    <car logo="https://www.ramsbone.dk/backend/CA3/schwertz-logo.jpg" company="Schwertz" companyTag="SWZ" category="Intermediate Elite" picture="http://clipart-library.com/image_gallery2/Car-High-Quality-PNG.png" make="Toyota" model="Yaris" year="2015" location="Naestved" priceperday="15" seats="8" doors="6" gear="automatic" aircondition="true"/>
    <car logo="https://www.ramsbone.dk/backend/CA3/schwertz-logo.jpg" company="Schwertz" companyTag="SWZ" category="Standard" picture="http://clipart-library.com/image_gallery2/Car-High-Quality-PNG.png" make="Honda" model="Brio" year="2015" location="Cph (Copenhagen Airport)" priceperday="15" seats="8" doors="6" gear="automatic" aircondition="true"/>
    <car logo="https://www.ramsbone.dk/backend/CA3/schwertz-logo.jpg" company="Schwertz" companyTag="SWZ" category="Standard Elite" picture="http://clipart-library.com/image_gallery2/Car-High-Quality-PNG.png" make="Tesla" model="Model X" year="2016" location="Billund Lufthavn" priceperday="15" seats="8" doors="6" gear="automatic" aircondition="true"/>
    <car logo="https://www.ramsbone.dk/backend/CA3/schwertz-logo.jpg" company="Schwertz" companyTag="SWZ" category="Fullsize" picture="http://clipart-library.com/image_gallery2/Car-High-Quality-PNG.png" make="Lotus" model="Exige" year="2017" location="Aalborg Lufthavn" priceperday="15" seats="8" doors="6" gear="automatic" aircondition="true"/>
</cars>
